Model,1991 Accuracy,2001 Accuracy
Decision Tree,0.9037598560962401,0.8633884698205262
XGBoost,0.8674455781325544,0.8918081477372493
