Model,1991 Accuracy,2001 Accuracy
Decision Tree,0.8384836451615163,0.8039458914071815
XGBoost,0.7590282692409718,0.8482076637824475
