Feature,DT_Importance,XGB_Importance
Month,0.058478887237871556,0.021002004
DayofMonth,0.05176513709330615,0.01836808
DayOfWeek,0.02356007991841347,0.04759643
DepTime,0.10301691810407831,0.014151958
FlightNum,0.09598998115668059,0.015432901
ActualElapsedTime,0.18069349548266855,0.055169005
DepDelay,0.2314582032633895,0.7165582
Cancelled,0.0,0.0
Diverted,0.0,0.0
UniqueCarrier,0.03156420708030252,0.0377854
Origin,0.10795312641912266,0.038464114
Dest,0.11551996424416677,0.035471875
